{
  "split_sizes": {
    "train": 295,
    "val": 64,
    "test": 64,
    "train_pos_frac": 0.376271186440678,
    "val_pos_frac": 0.375,
    "test_pos_frac": 0.375
  },
  "eda_summary": {
    "n_rows": 423,
    "n_cols": 12,
    "missing_values": {
      "case_id": 0,
      "died_within_5_years": 0,
      "msi_status": 0,
      "kras_status": 14,
      "ras_status": 0,
      "nras_status": 12,
      "braf_status": 0,
      "braf_M_kras_WT": 0,
      "braf_M_msi_pos": 0,
      "braf_M_msi_neg": 0,
      "kras_M_nras_M": 0,
      "any_ras_pathway_M": 0
    },
    "target_counts": {
      "0": 264,
      "1": 159
    }
  },
  "cv_summary": {
    "Baseline": {
      "accuracy": {
        "mean": 0.6165658263305323,
        "std": 0.019753962356651025,
        "ci_low": 0.6088222730867251,
        "ci_high": 0.6243093795743394,
        "n": 25
      },
      "precision": {
        "mean": 0.37622677322677317,
        "std": 0.20272554264726153,
        "ci_low": 0.29675836050904664,
        "ci_high": 0.4556951859444997,
        "n": 25
      },
      "recall": {
        "mean": 0.09056451612903224,
        "std": 0.05969302642111993,
        "ci_low": 0.06716484977195322,
        "ci_high": 0.11396418248611126,
        "n": 25
      },
      "f1": {
        "mean": 0.14366811520920844,
        "std": 0.08918214400584729,
        "ci_low": 0.1087087147589163,
        "ci_high": 0.17862751565950058,
        "n": 25
      },
      "roc_auc": {
        "mean": 0.5459542449904021,
        "std": 0.0656269142864558,
        "ci_low": 0.5202284945901114,
        "ci_high": 0.5716799953906928,
        "n": 25
      }
    },
    "#1 L2+ES": {
      "accuracy": {
        "mean": 0.61703081232493,
        "std": 0.014825113558694373,
        "ci_low": 0.6112193678099218,
        "ci_high": 0.6228422568399381,
        "n": 25
      },
      "precision": {
        "mean": 0.10133333333333333,
        "std": 0.1853999680370742,
        "ci_low": 0.02865654586280024,
        "ci_high": 0.1740101208038664,
        "n": 25
      },
      "recall": {
        "mean": 0.02762096774193548,
        "std": 0.08764800688373917,
        "ci_low": -0.00673705095649027,
        "ci_high": 0.06197898644036123,
        "n": 25
      },
      "f1": {
        "mean": 0.0363636991872286,
        "std": 0.09596748715614205,
        "ci_low": -0.0012555557779790824,
        "ci_high": 0.07398295415243628,
        "n": 25
      },
      "roc_auc": {
        "mean": 0.5222899670513601,
        "std": 0.05806989624890536,
        "ci_low": 0.4995265677217892,
        "ci_high": 0.545053366380931,
        "n": 25
      }
    },
    "#2 +CW": {
      "accuracy": {
        "mean": 0.5205434173669468,
        "std": 0.08400670398592079,
        "ci_low": 0.4876127894044658,
        "ci_high": 0.5534740453294277,
        "n": 25
      },
      "precision": {
        "mean": 0.40125242220994345,
        "std": 0.1133017979825764,
        "ci_low": 0.3568381174007735,
        "ci_high": 0.4456667270191134,
        "n": 25
      },
      "recall": {
        "mean": 0.5833870967741935,
        "std": 0.2274752398471968,
        "ci_low": 0.4942168027540924,
        "ci_high": 0.6725573907942947,
        "n": 25
      },
      "f1": {
        "mean": 0.4594000666585526,
        "std": 0.11216093076095171,
        "ci_low": 0.4154329818002595,
        "ci_high": 0.5033671515168456,
        "n": 25
      },
      "roc_auc": {
        "mean": 0.5321363432862024,
        "std": 0.06361686796843183,
        "ci_low": 0.5071985310425772,
        "ci_high": 0.5570741555298276,
        "n": 25
      }
    },
    "#3 #1+thr": {
      "accuracy": {
        "mean": 0.46614565826330534,
        "std": 0.09212349690714669,
        "ci_low": 0.4300332474757038,
        "ci_high": 0.5022580690509069,
        "n": 25
      },
      "precision": {
        "mean": 0.3613946602508411,
        "std": 0.08678315483946908,
        "ci_low": 0.32737566355376924,
        "ci_high": 0.395413656947913,
        "n": 25
      },
      "recall": {
        "mean": 0.6709677419354838,
        "std": 0.3476927625616431,
        "ci_low": 0.5346721790113197,
        "ci_high": 0.8072633048596479,
        "n": 25
      },
      "f1": {
        "mean": 0.4437443714580908,
        "std": 0.15187063929026284,
        "ci_low": 0.3842110808563078,
        "ci_high": 0.5032776620598738,
        "n": 25
      },
      "roc_auc": {
        "mean": 0.5222899670513601,
        "std": 0.05806989624890536,
        "ci_low": 0.4995265677217892,
        "ci_high": 0.545053366380931,
        "n": 25
      }
    },
    "#4 #2+thr": {
      "accuracy": {
        "mean": 0.43785434173669474,
        "std": 0.09126795341931063,
        "ci_low": 0.40207730399632496,
        "ci_high": 0.4736313794770645,
        "n": 25
      },
      "precision": {
        "mean": 0.3696074643260988,
        "std": 0.08296601808868379,
        "ci_low": 0.33708478523533475,
        "ci_high": 0.4021301434168629,
        "n": 25
      },
      "recall": {
        "mean": 0.7953629032258064,
        "std": 0.2965112292447706,
        "ci_low": 0.6791305013618563,
        "ci_high": 0.9115953050897565,
        "n": 25
      },
      "f1": {
        "mean": 0.4900283594546473,
        "std": 0.12117969287083331,
        "ci_low": 0.44252591984928064,
        "ci_high": 0.537530799060014,
        "n": 25
      },
      "roc_auc": {
        "mean": 0.5321363432862024,
        "std": 0.06361686796843183,
        "ci_low": 0.5071985310425772,
        "ci_high": 0.5570741555298276,
        "n": 25
      }
    },
    "LR (CW)": {
      "accuracy": {
        "mean": 0.5489635854341737,
        "std": 0.053259559805875774,
        "ci_low": 0.5280858379902704,
        "ci_high": 0.5698413328780769,
        "n": 25
      },
      "precision": {
        "mean": 0.4180209520817635,
        "std": 0.06128805628508081,
        "ci_low": 0.3939960340180118,
        "ci_high": 0.44204587014551516,
        "n": 25
      },
      "recall": {
        "mean": 0.516491935483871,
        "std": 0.09852847883643974,
        "ci_low": 0.4778687717799866,
        "ci_high": 0.5551150991877554,
        "n": 25
      },
      "f1": {
        "mean": 0.4599655034618953,
        "std": 0.07561199544311983,
        "ci_low": 0.4303256012481923,
        "ci_high": 0.4896054056755983,
        "n": 25
      },
      "roc_auc": {
        "mean": 0.5534835651832952,
        "std": 0.06049929080716103,
        "ci_low": 0.5297678431868881,
        "ci_high": 0.5771992871797024,
        "n": 25
      }
    },
    "GBT": {
      "accuracy": {
        "mean": 0.614672268907563,
        "std": 0.024528047098826222,
        "ci_low": 0.6050572744448232,
        "ci_high": 0.6242872633703028,
        "n": 25
      },
      "precision": {
        "mean": 0.4673304473304474,
        "std": 0.2573870077272921,
        "ci_low": 0.36643474030134887,
        "ci_high": 0.5682261543595459,
        "n": 25
      },
      "recall": {
        "mean": 0.08681451612903224,
        "std": 0.04376606259567267,
        "ci_low": 0.06965821959152854,
        "ci_high": 0.10397081266653593,
        "n": 25
      },
      "f1": {
        "mean": 0.14127537964196557,
        "std": 0.06522341500198017,
        "ci_low": 0.11570780096118935,
        "ci_high": 0.1668429583227418,
        "n": 25
      },
      "roc_auc": {
        "mean": 0.555831228931598,
        "std": 0.055311935113830986,
        "ci_low": 0.5341489503669762,
        "ci_high": 0.5775135074962198,
        "n": 25
      }
    },
    "ANN+interact (CW)": {
      "accuracy": {
        "mean": 0.5115014005602241,
        "std": 0.08000928667260238,
        "ci_low": 0.48013776018456394,
        "ci_high": 0.5428650409358842,
        "n": 25
      },
      "precision": {
        "mean": 0.4088712933289317,
        "std": 0.052539155208783474,
        "ci_low": 0.3882759444870886,
        "ci_high": 0.4294666421707748,
        "n": 25
      },